{
    "Abazar": 21817840909.090908,
    "Abbasabad": 14535000000.0,
    "Abuzar": 6877500000.0,
    "Afsarieh": 8400000000.0,
    "Ahang": 4950000000.0,
    "Air force": 14345100000.0,
    "Ajudaniye": 74970000000.0,
    "Alborz Complex": 2902500000.0,
    "Aliabad South": 3825000000.0,
    "Amir Bahador": 17188875000.0,
    "Amirabad": 19263461538.46154,
    "Amirieh": 8056875033.0,
    "Andisheh": 6720637500.0,
    "Aqdasieh": 68456250000.0,
    "Araj": 54600000000.0,
    "Argentina": 113242500000.0,
    "Atabak": 5229750000.0,
    "Azadshahr": 17370000000.0,
    "Azarbaijan": 10850869565.217392,
    "Azari": 7380000000.0,
    "Baghestan": 3180937500.0,
    "Bahar": 5400000000.0,
    "Baqershahr": 3600000000.0,
    "Beryanak": 5259937500.0,
    "Boloorsazi": 7200000000.0,
    "Central Janatabad": 15698750000.0,
    "Chahardangeh": 3510000000.0,
    "Chardangeh": 5400000000.0,
    "Chardivari": 34344000000.0,
    "Chidz": 26100000000.0,
    "Damavand": 7831500000.0,
    "Darabad": 27225000000.0,
    "Darakeh": 13050000000.0,
    "Darband": 18450000000.0,
    "Daryan No": 27435000000.0,
    "Dehkade Olampic": 19462500000.0,
    "Dezashib": 53370000000.0,
    "Dolatabad": 4916250000.0,
    "Dorous": 47700000000.0,
    "East Ferdows Boulevard": 17346222972.972973,
    "East Pars": 9897581250.0,
    "Ekbatan": 15557142857.142857,
    "Ekhtiarieh": 36622125000.0,
    "Elahieh": 91800000000.0,
    "Elm-o-Sanat": 10425000000.0,
    "Enghelab": 6930000000.0,
    "Eram": 13365000000.0,
    "Eskandari": 7935000000.0,
    "Fallah": 4804312500.0,
    "Farmanieh": 87132083333.33333,
    "Fatemi": 18300000000.0,
    "Feiz Garden": 13753421052.631578,
    "Firoozkooh": 2115000000.0,
    "Firoozkooh Kuhsar": 3375000000.0,
    "Garden of Saba": 29448000000.0,
    "Gheitarieh": 48354928057.553955,
    "Ghiyamdasht": 2880000000.0,
    "Ghoba": 33412500000.0,
    "Gholhak": 30600000000.0,
    "Gisha": 24827000000.0,
    "Golestan": 12733593750.0,
    "Haft Tir": 16987500000.0,
    "Hakimiyeh": 14067000000.0,
    "Hashemi": 6618600000.0,
    "Hassan Abad": 2295000000.0,
    "Hekmat": 35482500000.0,
    "Heravi": 36278413043.478264,
    "Heshmatieh": 16031250000.0,
    "Hor Square": 7084012500.0,
    "Islamshahr": 5908560810.810811,
    "Islamshahr Elahieh": 7875000000.0,
    "Javadiyeh": 6525000000.0,
    "Jeyhoon": 7866450000.0,
    "Jordan": 41859750000.0,
    "Kahrizak": 4869984375.0,
    "Kamranieh": 82356428571.42857,
    "Karimkhan": 21255000000.0,
    "Karoon": 5413026315.789474,
    "Kazemabad": 13500000000.0,
    "Keshavarz Boulevard": 13241250000.0,
    "Khademabad Garden": 7897500000.0,
    "Khavaran": 3040500000.0,
    "Komeil": 5178272727.272727,
    "Koohsar": 14906250000.0,
    "Kook": 38981000000.0,
    "Lavasan": 117000000000.0,
    "Lavizan": 13387500000.0,
    "Mahallati": 30037500000.0,
    "Mahmoudieh": 57150000000.0,
    "Majidieh": 9270000000.0,
    "Marzdaran": 42602318181.818184,
    "Mehrabad": 27900000000.0,
    "Mehrabad River River": 11700000000.0,
    "Mehran": 22989375000.0,
    "Mirdamad": 32085000000.0,
    "Mirza Shirazi": 18450000000.0,
    "Moniriyeh": 9729000000.0,
    "Narmak": 17729640000.0,
    "Nasim Shahr": 3735000000.0,
    "Nawab": 6491250000.0,
    "Naziabad": 2880000000.0,
    "Nezamabad": 9303750000.0,
    "Niavaran": 72500754098.36066,
    "North Program Organization": 24276634615.384617,
    "Northern Chitgar": 4656093750.0,
    "Northern Janatabad": 14797500000.0,
    "Northern Suhrawardi": 25537500000.0,
    "Northren Jamalzadeh": 15778928571.428572,
    "Ostad Moein": 8925865384.615385,
    "Ozgol": 38436000000.0,
    "Pakdasht": 3960000000.0,
    "Pakdasht KhatunAbad": 3825000000.0,
    "Parand": 2511756637.1681414,
    "Parastar": 8296875000.0,
    "Pardis": 3522475862.0689654,
    "Pasdaran": 41800295454.545456,
    "Persian Gulf Martyrs Lake": 14016051724.137932,
    "Pirouzi": 9883669354.838709,
    "Pishva": 1530000000.0,
    "Punak": 16777369565.217392,
    "Qalandari": 34137000000.0,
    "Qarchak": 4083750000.0,
    "Qasr-od-Dasht": 6903000000.0,
    "Qazvin Imamzadeh Hassan": 7017954545.454545,
    "Railway": 16593136363.636364,
    "Ray": 8129500000.0,
    "Ray - Montazeri": 5625000000.0,
    "Ray - Pilgosh": 4455000000.0,
    "Razi": 6025500000.0,
    "Republic": 7491375000.0,
    "Robat Karim": 1473750000.0,
    "Rudhen": 9116181818.181818,
    "Saadat Abad": 42699418604.65116,
    "SabaShahr": 9900000000.0,
    "Sabalan": 7875000000.0,
    "Sadeghieh": 21352500000.0,
    "Safadasht": 4222800000.0,
    "Salehabad": 3375000000.0,
    "Salsabil": 6494508482.142858,
    "Sattarkhan": 25402500000.0,
    "Seyed Khandan": 28635000000.0,
    "Shadabad": 4005000000.0,
    "Shahedshahr": 2127000000.0,
    "Shahr-e-Ziba": 13967504587.155964,
    "ShahrAra": 27135000000.0,
    "Shahrake Apadana": 25650000000.0,
    "Shahrake Azadi": 6030000000.0,
    "Shahrake Gharb": 53864466101.694916,
    "Shahrake Madaen": 3600000000.0,
    "Shahrake Qods": 4097355882.352941,
    "Shahrake Quds": 4081500000.0,
    "Shahrake Shahid Bagheri": 11137500000.0,
    "Shahrakeh Naft": 26400000000.0,
    "Shahran": 13435892307.692308,
    "Shahryar": 6937125000.0,
    "Shams Abad": 15536250000.0,
    "Shoosh": 4770000000.0,
    "Si Metri Ji": 7583673913.043478,
    "Sohanak": 33516000000.0,
    "Southern Chitgar": 10313100000.0,
    "Southern Janatabad": 14303032258.064516,
    "Southern Program Organization": 12643043478.26087,
    "Southern Suhrawardi": 20047500000.0,
    "Tajrish": 35962500000.0,
    "Tarasht": 15926250000.0,
    "Taslihat": 10012500000.0,
    "Tehran Now": 9450000000.0,
    "Tehransar": 10292142857.142857,
    "Telecommunication": 3510000000.0,
    "Tenant": 8424391304.347826,
    "Thirteen November": 3600000000.0,
    "Vahidieh": 5073750000.0,
    "Vahidiyeh": 2493000000.0,
    "Valiasr": 13138071428.571428,
    "Vanak": 35550000000.0,
    "Velenjak": 71662500000.0,
    "Villa": 18585000000.0,
    "Water Organization": 13950000000.0,
    "Waterfall": 16297500000.0,
    "West Ferdows Boulevard": 13975851724.137932,
    "West Pars": 19693636363.636364,
    "Yaftabad": 5625000000.0,
    "Yakhchiabad": 4500000000.0,
    "Yousef Abad": 31643881578.94737,
    "Zafar": 25872000000.0,
    "Zaferanieh": 79519304347.82608,
    "Zargandeh": 31806000000.0,
    "Zibadasht": 19575000000.0,
    "UNKNOWN_DEFAULT": 21896239083.676548
}